code,school,css,program_type,admission_model,notes,source_url,checked_on
762284,École internationale de Montréal,CSSDM,ib,selective,"IB PYP; whole school (only QC school doing PYP + MYP); must reside on CSSDM territory; admission exams in French and math; application window 1-30 Oct; valid one year only",https://ecole-internationale.cssdm.gouv.qc.ca/sinscrire-primaire/,2026-09-18
762071,"École Saint-Barthélemy",CSSDM,ib,selective,"Volet international (IB PYP) at pavillon Sagard only, not the whole school; mandatory information evening with prior sign-up; school 'sélectionne' its students via a candidacy file; MEQ name is 'École Saint-Barthélemy, pavillon des Érables'; school site returned 403, facts from search-index extracts",https://st-barthelemy.cssdm.gouv.qc.ca/programmes/volet-international/,2026-09-18
762005,École La Vérendrye,CSSDM,ib,catchment-lottery,"École internationale (IB PYP), whole school; explicitly non-selective, no entrance exam; priority to Mercier-Est/Tétreaultville quartier; applications 1-31 Oct, tirage au sort among all new applications in early November; school site returned 403, facts from search-index extracts",https://la-verendrye.cssdm.gouv.qc.ca/programmes/primaire/,2026-09-18
762127,École FACE,CSSDM,arts,css-wide-lottery,"Arts programme (arts plastiques, art dramatique, musique vocale et instrumentale) grade 1 to sec 5; 'aucun processus de sélection académique ou artistique'; tirage au sort among all CSSDM-resident applicants; mandatory information session; from cycle 2 no failures in core subjects on prior report card",https://face.cssdm.gouv.qc.ca/inscription/,2026-09-18
762090,École Le Plateau,CSSDM,arts,selective,"Formation musicale; applicants must come from designated feeder schools, pass a music aptitude test (score 22+) and show capacity for accelerated studies",https://www.cssdm.gouv.qc.ca/prescolaire-primaire/programmes-volets-particuliers/,2026-09-18
762142,École Notre-Dame-des-Neiges,CSSDM,arts,unknown,"Volet Les Petits Chanteurs du Mont-Royal (choir), grades 3-6; one stream, not the whole school; admission model not stated on the CSS page",https://notre-dame-des-neiges.cssdm.gouv.qc.ca/programmes/petits-chanteurs-mont-royal/,2026-09-18
762101,École Fernand-Seguin,CSSDM,gifted,selective,"Douance et enrichissement en science et technologie; recommendation from a practitioner, math-logic selection test, school results reviewed from cycle 2; MEQ name 'École Fernand-Seguin, pavillon Hubert-Reeves'",https://www.cssdm.gouv.qc.ca/prescolaire-primaire/programmes-volets-particuliers/,2026-09-18
762095,École Saint-Arsène,CSSDM,other,selective,"Programme élève-athlète (sport) for cycles 2 and 3 — one stream, not the whole school: the regular programme remains a neighbourhood one taken by address. Selection favours partner sports clubs and weighs academic aptitude and attitude to school, happens each January, and a pupil chosen from outside the catchment enters by libre choix; an earlier CSS page gave a 75% average and a club support letter. Also runs ""Les Panthères"" sports activities. MEQ index counts 289 pupils for 2025-2026 where the school's own pages say more than 350 on one page and more than 450 on another; school site returns 403, facts from indexed extracts",https://st-arsene.cssdm.gouv.qc.ca/programmes/eleve-athlete/,2026-10-08
762097,École Arc-en-Ciel,CSSDM,alternative,unknown,"École alternative, whole school; mandatory parent meeting and parent questionnaire; no lottery or selection committee stated",https://www.cssdm.gouv.qc.ca/prescolaire-primaire/programmes-volets-particuliers/,2026-09-18
762053,École Atelier,CSSDM,alternative,unknown,"École alternative, whole school; mandatory parent meeting and questionnaire",https://www.cssdm.gouv.qc.ca/prescolaire-primaire/programmes-volets-particuliers/,2026-09-18
762081,École Élan,CSSDM,alternative,unknown,"École alternative, whole school; mandatory parent meeting and questionnaire",https://www.cssdm.gouv.qc.ca/prescolaire-primaire/programmes-volets-particuliers/,2026-09-18
762158,École Étoile filante,CSSDM,alternative,selective,"École alternative, whole school; mandatory parent meeting and questionnaire PLUS 'sélection par un comité d'admission'",https://www.cssdm.gouv.qc.ca/prescolaire-primaire/programmes-volets-particuliers/,2026-09-18
762046,École Rose-des-Vents,CSSDM,alternative,unknown,"École alternative, whole school; mandatory parent meeting, questionnaire and a mini-stage for the child",https://www.cssdm.gouv.qc.ca/prescolaire-primaire/programmes-volets-particuliers/,2026-09-18
762248,École Le Vitrail,CSSDM,alternative,unknown,"École alternative, whole school; admission details only on the school site, not on the CSS page",https://www.cssdm.gouv.qc.ca/prescolaire-primaire/programmes-volets-particuliers/,2026-09-18
762201,École Gadbois,CSSDM,alternative,unknown,"CSS page lists it twice: as école alternative 'Gadbois-Les Colibris' and as a school with a 'volet alternatif'; only one MEQ organisation (762201) exists, so whole-school vs one-stream is unresolved",https://www.cssdm.gouv.qc.ca/prescolaire-primaire/programmes-volets-particuliers/,2026-09-18
762130,École Charles-Lemoyne,CSSDM,alternative,unknown,"Volet alternatif Freinet axé sur l'environnement (one stream, since 2013-14), préscolaire 5 ans to grade 6; open to all CSSDM students, priority to Pointe-Saint-Charles / Jeanne-LeBer residents if oversubscribed; mandatory information-and-registration evening; parents commit to annual co-education hours and co-gestion; no tirage au sort stated; school site returned 403, facts from search-index extracts",https://charles-lemoyne.cssdm.gouv.qc.ca/programmes/volet-alternatif/,2026-09-18
762033,École Saint-Nom-de-Jésus,CSSDM,alternative,catchment-lottery,"Volet alternatif (pédagogie Freinet) since 2016, one stream; when oversubscribed a tirage au sort with a 60/40 split: 60% drawn from the Saint-Nom-de-Jésus school territory, 40% from the wider Hochelaga-Maisonneuve quartier; reserved places for founding-member parents and for siblings; school site returned 403, facts from search-index extracts",https://st-nom-de-jesus.cssdm.gouv.qc.ca/files/Crit%C3%A8res-dadmission-volet-alternatif.pdf,2026-09-18
762117,"École Ahuntsic, annexe (A.I.D.A.)",CSSDM,other,unknown,"Anglais intensif, 5e-6e année; one stream; admission model not stated",https://www.cssdm.gouv.qc.ca/prescolaire-primaire/programmes-volets-particuliers/,2026-09-18
762171,École Judith-Jasmin,CSSDM,other,unknown,"Anglais intensif, 5e-6e année",https://judith-jasmin.cssdm.gouv.qc.ca/programmes/anglais-intensif/,2026-09-18
762009,École Sainte-Claire,CSSDM,other,unknown,"Anglais intensif, 5e-6e année",https://ste-claire.cssdm.gouv.qc.ca/programmes/anglais-intensif/,2026-09-18
762024,École Notre-Dame-du-Foyer,CSSDM,other,unknown,"Anglais intensif, 5e-6e année",https://notre-dame-du-foyer.cssdm.gouv.qc.ca/programmes/anglais-intensif/,2026-09-18
762091,École Marguerite-Bourgeoys,CSSDM,other,unknown,"Anglais intensif, 5e-6e année; CSSDM school, distinct from the CSSMB school of the same name (763211, Pointe-Claire)",https://www.cssdm.gouv.qc.ca/prescolaire-primaire/programmes-volets-particuliers/,2026-09-18
762092,École Louis-Colin,CSSDM,other,unknown,"Anglais intensif, 5e-6e année",https://louis-colin.csdm.gouv.qc.ca/programmes/anglais-intensif/,2026-09-18
762119,École Saint-André-Apôtre,CSSDM,other,unknown,"Anglais intensif, 5e-6e année",https://st-andre-apotre.cssdm.gouv.qc.ca/programmes/anglais-intensif/,2026-09-18
762100,École Saint-Paul-de-la-Croix,CSSDM,other,unknown,"Anglais intensif, 5e-6e année; CSS page mistakenly links this entry to the Saint-André-Apôtre site",https://www.cssdm.gouv.qc.ca/prescolaire-primaire/programmes-volets-particuliers/,2026-09-18
762156,École Notre-Dame-de-Grâce,CSSDM,other,unknown,"Anglais intensif, 6e année only",https://notre-dame-de-grace.cssdm.gouv.qc.ca/programmes/anglais-intensif-en-6e-annee/,2026-09-18
762070,"École Jean-Paul-Riopelle, annexe",CSSDM,other,unknown,"Anglais intensif, 5e année only",https://jean-paul-riopelle.cssdm.gouv.qc.ca/programmes/anglais-intensif/,2026-09-18
762114,École au Pied-de-la-Montagne,CSSDM,other,unknown,"Anglais intensif, 5e-6e année; MEQ name 'pavillon Jean-Jacques-Olier'",https://au-pied-de-la-montagne.cssdm.gouv.qc.ca/programmes/intensif-anglais/,2026-09-18
762086,École Saint-Ambroise,CSSDM,other,unknown,"Anglais intensif, 5e-6e année",https://st-ambroise.cssdm.gouv.qc.ca/programmes/anglais-intensif/,2026-09-18
762065,École Saint-Marc,CSSDM,other,unknown,"Anglais intensif, 5e-6e année",https://st-marc.cssdm.gouv.qc.ca/programmes/anglais-intensif/,2026-09-18
762167,École Saint-Jean-de-Matha,CSSDM,other,unknown,"Anglais intensif, 5e-6e année",https://st-jean-de-matha.cssdm.gouv.qc.ca/programmes/anglais-intensif/,2026-09-18
762010,École Sainte-Louise-de-Marillac,CSSDM,other,unknown,"Anglais intensif, 5e-6e année",https://www.cssdm.gouv.qc.ca/prescolaire-primaire/programmes-volets-particuliers/,2026-09-18
762104,École Saint-Gérard,CSSDM,other,unknown,"Anglais intensif, 5e-6e année; CSSDM school, distinct from CSSMB Saint-Gérard (763217, Pierrefonds)",https://www.cssdm.gouv.qc.ca/prescolaire-primaire/programmes-volets-particuliers/,2026-09-18
762082,École Saint-Isaac-Jogues,CSSDM,other,unknown,"Anglais intensif, 5e-6e année",https://www.cssdm.gouv.qc.ca/prescolaire-primaire/programmes-volets-particuliers/,2026-09-18
763009,École Guy-Drummond,CSSMB,ib,selective,"École internationale, IB PYP, whole school (Outremont); 'école à vocation particulière qui n'est pas une école de quartier', open to the whole CSSMB; préalables: mandatory information meeting, motivation letter, adherence to projet éducatif, half-day welcome session, and a language evaluation the child must pass (cote 2 on at least 7 of 9 questions); after the priority list, remaining CSSMB-resident applicants are drawn by tirage au sort — selective gate first, lottery second; the only primary school in the CSSMB Inscris-TOI PPP platform",https://www.cssmb.gouv.qc.ca/wp-content/uploads/2025/05/Criteres-dinscription-Guy-Drummond_2026-2027_VF.pdf,2026-09-18
763016,École Nouvelle-Querbes,CSSMB,alternative,css-wide-lottery,"École alternative à vocation particulière (Outremont), whole school, multiâge project pedagogy, R.É.P.A.Q. network; not a neighbourhood school; préalables are an information meeting and a complete file (no test); at préscolaire, once sibling/staff criteria are applied, places are allocated by tirage au sort among CSSMB-territory residents; one draw number per fratrie",https://www.cssmb.gouv.qc.ca/wp-content/uploads/2025/05/Criteres-dinscription-Nouvelle-Querbes_2026-2027_VF.pdf,2026-09-18
763127,École des Saules-Rieurs,CSSMB,alternative,css-wide-lottery,"École alternative (Verdun), whole school; obtained official 'école alternative (240)' status in 2024-25; not a neighbourhood school; préalables: information meeting, admission file, adherence to the projet éducatif, signed parental-involvement commitment; CSSMB residents drawn by tirage au sort when oversubscribed, then out-of-territory applicants by a further draw",https://www.cssmb.gouv.qc.ca/wp-content/uploads/2025/05/Criteres-dinscription-Saules-Rieurs_2026-2027_VF.pdf,2026-09-18
761038,École internationale Wilfrid-Pelletier,CSSPI,ib,neighbourhood,"IB PYP, whole school (Anjou); students living in the school's own territory are automatically admitted if registered before 1 March; CSSPI residents outside that territory fall under the CSSPI Politique d'admission; the school states it is not a programme aiming at academic excellence",https://www.csspi.gouv.qc.ca/ecoles-centres/prescolaire-et-primaire/programmes-particuliers,2026-09-18
761039,École Albatros,CSSPI,alternative,unknown,"École alternative, whole school (Rivière-des-Prairies), pédagogie par projet, multi-age, R.É.P.A.Q. member; requires adherence to the projet éducatif, commitment to school life and a mandatory information evening; priority to CSSPI-territory residents, then to siblings; draw or test not stated on the page",https://albatros.csspi.ca/inscriptions/processus-et-criteres-dadmission,2026-09-18
761059,École Pierre-de-Coubertin,CSSPI,other,css-wide-lottery,"Volet particulier éducation physique et à la santé since 1984, whole school (Montréal-Nord); about a third of teaching time in phys-ed, daily PE, weekly dance, annual classe nature; explicitly not a neighbourhood school, draws from the whole CSSPI territory; préscolaire: registration at the quartier school, file, mandatory information meeting, then 'une pige' in March among all candidates with priority to siblings; primary levels: waiting list for one year, pige when a place opens",https://pierredecoubertin.csspi.ca/ecole/a-propos/admission,2026-09-18
761031,École Chénier,CSSPI,other,selective,"Anglais intensif, 6e année (Anjou); eligibility criteria and a selection process; list subject to change with enrolment",https://www.csspi.gouv.qc.ca/ecoles-centres/prescolaire-et-primaire/programmes-particuliers,2026-09-18
761064,École Sainte-Colette,CSSPI,other,selective,"Anglais intensif, 6e année (Montréal-Nord); eligibility criteria plus a selection process",https://www.csspi.gouv.qc.ca/ecoles-centres/prescolaire-et-primaire/programmes-particuliers,2026-09-18
761011,École de la Belle-Rive,CSSPI,other,selective,"Anglais intensif, 6e année (Pointe-aux-Trembles / Montréal-Est); eligibility criteria plus a selection process",https://www.csspi.gouv.qc.ca/ecoles-centres/prescolaire-et-primaire/programmes-particuliers,2026-09-18
761046,École Simone-Desjardins,CSSPI,other,selective,"Anglais intensif, 6e année (Rivière-des-Prairies); eligibility criteria plus a selection process",https://www.csspi.gouv.qc.ca/ecoles-centres/prescolaire-et-primaire/programmes-particuliers,2026-09-18
761027,École Ferland,CSSPI,other,selective,"Anglais intensif, 6e année (Saint-Léonard); eligibility criteria plus a selection process",https://www.csspi.gouv.qc.ca/ecoles-centres/prescolaire-et-primaire/programmes-particuliers,2026-09-18
762103,École Laurier,CSSDM,regular,neighbourhood,"École de quartier, programme régulier; the school describes an approach built on youth literature, music, visual arts and sport (unverified: school site returns 403, wording from its indexed pages); relocated since 2022 to 7378 rue Lajeunesse (Villeray) for a $28M renovation, return to 505 avenue Laurier Est announced for the 2026-2027 rentrée",https://www.cssdm.gouv.qc.ca/nouvelles/ecole-laurier/,2026-09-18
762107,École Sainte-Cécile,CSSDM,regular,neighbourhood,"École de quartier, programme régulier; projet éducatif oriented to literacy; $5M schoolyard inaugurated 27 September 2022; the school's pages and that communiqué describe ~470 pupils against 388 in the 2025-2026 MEQ index; school site returns 403, program and admission wording from indexed extracts",https://www.cssdm.gouv.qc.ca/communique/nouvelle-cour-ecole-sainte-cecile/,2026-09-26
762110,École La Petite-Patrie,CSSDM,regular,neighbourhood,"École de quartier, programme régulier; created 2006 by merging pavillons Notre-Dame-de-la-Défense and Saint-Jean-de-la-Croix; CSSDM réseau Centre point of service for AMPLI classes; its second MEQ address, 35 rue Saint-Zotique Est, is the former Saint-Jean-de-la-Croix pavilion, a transition building since 2012 now hosting École Félix-Leclerc's partial relocation from 6055 av. Darlington — not a relocation of this school; priority to territory residents and siblings, then CSSDM libre choix; school site returns 403, facts from indexed extracts",https://www.cssdm.gouv.qc.ca/batiments-scolaires/lieux-accueil-ecoles-delocalisees/,2026-09-26
762105,École La Mennais,CSSDM,regular,neighbourhood,"École de quartier, programme régulier; projet éducatif 2023-2027 on writing in French; 3 AMPLI classes and a CSSDM point of service for pupils 6-12 with dysphasie; ~220 pupils in 2026-2027 per the school against 185 in the 2025-2026 MEQ index; registration 7-27 January, priority to territory residents; school site returns 403, facts from indexed extracts",https://la-mennais.cssdm.gouv.qc.ca/ecole/admission-inscription/,2026-09-26
762098,École Louis-Hippolyte-Lafontaine,CSSDM,regular,neighbourhood,"École de quartier, programme régulier; each year the school picks a historical period as a cross-curricular theme; ~310 pupils per the school against 219 in the 2025-2026 MEQ index; registration in January, priority to territory residents and siblings; school site returns 403, facts from indexed extracts",https://louis-hippolyte-lafontaine.cssdm.gouv.qc.ca/ecole/admission-inscription/,2026-09-26
762205,École Victor-Doré,CSSDM,specialised,unknown,"École spécialisée à vocation suprarégionale (préscolaire et primaire, 4 à 13 ans) pour élèves ayant une déficience motrice ou organique grave; most pupils come from other service centres; not a neighbourhood option",https://victor-dore.cssdm.gouv.qc.ca/ecole/,2026-10-07
762106,École Hélène-Boullé,CSSDM,regular,neighbourhood,"École de quartier, programme régulier; projet éducatif centred on French and mathematics with cultural outings and taekwondo for social skills; occupies its whole building (CSSDM no. 278, built 1927-28) at 100% occupancy, 17 classes and 351 pupils declared against 391 places, versus 277 in the MEQ index file; an expansion was delivered around 2020-22 but the gymnasium was refused at PQI 2024-2034 and redeposited for PQI 2025-2035, absent from the 2026-2036 list; an unrelated École Hélène-Boullé exists in Sherbrooke and some directories conflate them; school site returns 403, program and admission wording from indexed extracts",https://www.cssdm.gouv.qc.ca/wp-content/uploads/INF-CA-10-202411-51-Annexe-I.pdf,2026-10-08
762084,École Saint-Gabriel-Lalemant,CSSDM,regular,neighbourhood,"École de quartier, programme régulier; two MEQ buildings about 100 m apart, 7350 rue Garnier and the annexe at 7375 rue Garnier; projet éducatif 2023-2027 targets literacy and numeracy, raising the share of pupils at 70% or better by June 2027, with a French-language support teacher for allophone pupils; the annexe project has phase-one demolition complete and phase two awaiting ministry funding — 8 added classrooms, carrefour d'apprentissage, multipurpose and motor-skills rooms, capacity 184 pupils, 13.9 M$, schedule ""à venir"" as of the sheet's last modification on 2024-02-06; IMSE decile 9, the milieu défavorisé band; schools of the same name exist in Victoriaville, Sorel-Tracy and Kamouraska; school site returns 403, facts from indexed extracts",https://www.cssdm.gouv.qc.ca/nouvelles/fiche-projet-ecole-saint-gabriel-lalemant/,2026-10-08
762094,École Marie-Favery,CSSDM,regular,neighbourhood,"École régulière de quartier, and a school designated for integrating pupils with a physical disability — lift, wide corridors, ramps and other adaptations; runs La Passerelle, a specialised class for 4- and 5-year-olds with a mild motor impairment who could move to a regular class, and takes children from prématernelle and préscolaire 4 ans; registration each January, in person or online with documents still brought to the school, libre choix only during the official window; an OPP lists 2025-2026 members and shares a Facebook page with the school team; school site returns 403, facts from indexed extracts",https://marie-favery.cssdm.gouv.qc.ca/ecole/,2026-10-08
